snt_name,snt_borough,theft_count
Heathrow Airport,Aviation Security(SO18),360
Heathrow Terminal 2,Aviation Security(SO18),276
Heathrow Terminal 3,Aviation Security(SO18),229
Heathrow Terminal 4,Aviation Security(SO18),8
Heathrow Terminal 5,Aviation Security(SO18),536
Abbey,Barking and Dagenham,1159
Abbey,Barking and Dagenham,909
Abbey,Barking and Dagenham,1075
Abbey,Barking and Dagenham,825
Abbey,Barking and Dagenham,1150
Abbey,Barking and Dagenham,900
Abbey,Barking and Dagenham,1066
Abbey,Barking and Dagenham,816
Abbey,Barking and Dagenham,1120
Abbey,Barking and Dagenham,870
Abbey,Barking and Dagenham,1036
Abbey,Barking and Dagenham,786
Abbey,Barking and Dagenham,1111
Abbey,Barking and Dagenham,861
Abbey,Barking and Dagenham,1027
Abbey,Barking and Dagenham,777
Abbey,Barking and Dagenham,906
Abbey,Barking and Dagenham,656
Abbey,Barking and Dagenham,822
Abbey,Barking and Dagenham,572
Abbey,Barking and Dagenham,897
Abbey,Barking and Dagenham,647
Abbey,Barking and Dagenham,813
Abbey,Barking and Dagenham,563
Abbey,Barking and Dagenham,867
Abbey,Barking and Dagenham,617
Abbey,Barking and Dagenham,783
Abbey,Barking and Dagenham,533
Abbey,Barking and Dagenham,858
Abbey,Barking and Dagenham,608
Abbey,Barking and Dagenham,774
Abbey,Barking and Dagenham,524
Alibon,Barking and Dagenham,241
Becontree,Barking and Dagenham,271
Chadwell Heath,Barking and Dagenham,279
Eastbrook,Barking and Dagenham,205
Eastbury,Barking and Dagenham,277
Gascoigne,Barking and Dagenham,411
Goresbrook,Barking and Dagenham,254
Heath,Barking and Dagenham,301
Longbridge,Barking and Dagenham,251
Mayesbrook,Barking and Dagenham,253
Parsloes,Barking and Dagenham,153
River,Barking and Dagenham,288
Thames,Barking and Dagenham,703
Valence,Barking and Dagenham,255
Village,Barking and Dagenham,325
Village,Barking and Dagenham,294
Village,Barking and Dagenham,347
Village,Barking and Dagenham,316
Village,Barking and Dagenham,329
Village,Barking and Dagenham,298
Village,Barking and Dagenham,351
Village,Barking and Dagenham,320
Village,Barking and Dagenham,282
Village,Barking and Dagenham,251
Village,Barking and Dagenham,304
Village,Barking and Dagenham,273
Village,Barking and Dagenham,286
Village,Barking and Dagenham,255
Village,Barking and Dagenham,308
Village,Barking and Dagenham,277
Village,Barking and Dagenham,308
Village,Barking and Dagenham,277
Village,Barking and Dagenham,330
Village,Barking and Dagenham,299
Village,Barking and Dagenham,312
Village,Barking and Dagenham,281
Village,Barking and Dagenham,334
Village,Barking and Dagenham,303
Village,Barking and Dagenham,265
Village,Barking and Dagenham,234
Village,Barking and Dagenham,287
Village,Barking and Dagenham,256
Village,Barking and Dagenham,269
Village,Barking and Dagenham,238
Village,Barking and Dagenham,291
Village,Barking and Dagenham,260
Whalebone,Barking and Dagenham,315
Brunswick Park,Barnet,443
Burnt Oak,Barnet,404
Childs Hill,Barnet,902
Colindale,Barnet,569
Coppetts,Barnet,661
East Barnet,Barnet,389
East Finchley,Barnet,394
Edgware,Barnet,781
Edgware,Barnet,717
Edgware,Barnet,734
Edgware,Barnet,670
Edgware,Barnet,770
Edgware,Barnet,706
Edgware,Barnet,723
Edgware,Barnet,659
Edgware,Barnet,757
Edgware,Barnet,693
Edgware,Barnet,710
Edgware,Barnet,646
Edgware,Barnet,746
Edgware,Barnet,682
Edgware,Barnet,699
Edgware,Barnet,635
Edgware,Barnet,700
Edgware,Barnet,636
Edgware,Barnet,653
Edgware,Barnet,589
Edgware,Barnet,689
Edgware,Barnet,625
Edgware,Barnet,642
Edgware,Barnet,578
Edgware,Barnet,676
Edgware,Barnet,612
Edgware,Barnet,629
Edgware,Barnet,565
Edgware,Barnet,665
Edgware,Barnet,601
Edgware,Barnet,618
Edgware,Barnet,554
Finchley Church End,Barnet,376
Garden Suburb,Barnet,582
Golders Green,Barnet,659
Hale,Barnet,331
Hendon,Barnet,551
High Barnet,Barnet,540
Mill Hill,Barnet,705
Oakleigh,Barnet,430
Totteridge,Barnet,346
Underhill,Barnet,314
West Finchley,Barnet,577
West Hendon,Barnet,1434
Woodhouse,Barnet,731
Barnehurst,Bexley,166
Belvedere,Bexley,526
Bexleyheath,Bexley,714
Blackfen and Lamorbey,Bexley,199
Blendon and Penhill,Bexley,286
Crayford,Bexley,490
Crook Log,Bexley,231
East Wickham,Bexley,238
Erith,Bexley,561
Falconwood and Welling,Bexley,384
Longlands,Bexley,158
Northumberland Heath,Bexley,223
Sidcup,Bexley,403
Slade Green and Northend,Bexley,339
St Mary's and St James,Bexley,248
Thamesmead East,Bexley,361
West Heath,Bexley,220
Alperton,Brent,397
Barnhill,Brent,455
Barnhill,Brent,405
Barnhill,Brent,464
Barnhill,Brent,414
Barnhill,Brent,450
Barnhill,Brent,400
Barnhill,Brent,459
Barnhill,Brent,409
Barnhill,Brent,434
Barnhill,Brent,384
Barnhill,Brent,443
Barnhill,Brent,393
Barnhill,Brent,429
Barnhill,Brent,379
Barnhill,Brent,438
Barnhill,Brent,388
Barnhill,Brent,444
Barnhill,Brent,394
Barnhill,Brent,453
Barnhill,Brent,403
Barnhill,Brent,439
Barnhill,Brent,389
Barnhill,Brent,448
Barnhill,Brent,398
Barnhill,Brent,423
Barnhill,Brent,373
Barnhill,Brent,432
Barnhill,Brent,382
Barnhill,Brent,418
Barnhill,Brent,368
Barnhill,Brent,427
Barnhill,Brent,377
Brondesbury Park,Brent,345
Dollis Hill,Brent,424
Dudden Hill,Brent,446
Fryent,Brent,330
Harlesden,Brent,492
Kensal Green,Brent,410
Kenton,Brent,244
Kilburn,Brent,519
Kilburn,Brent,635
Kilburn,Brent,473
Kilburn,Brent,589
Kilburn,Brent,522
Kilburn,Brent,638
Kilburn,Brent,476
Kilburn,Brent,592
Kilburn,Brent,516
Kilburn,Brent,632
Kilburn,Brent,470
Kilburn,Brent,586
Kilburn,Brent,519
Kilburn,Brent,635
Kilburn,Brent,473
Kilburn,Brent,589
Kilburn,Brent,548
Kilburn,Brent,664
Kilburn,Brent,502
Kilburn,Brent,618
Kilburn,Brent,551
Kilburn,Brent,667
Kilburn,Brent,505
Kilburn,Brent,621
Kilburn,Brent,545
Kilburn,Brent,661
Kilburn,Brent,499
Kilburn,Brent,615
Kilburn,Brent,548
Kilburn,Brent,664
Kilburn,Brent,502
Kilburn,Brent,618
Mapesbury,Brent,445
Northwick Park,Brent,281
Preston,Brent,285
Queens Park,Brent,540
Queensbury,Brent,636
Queensbury,Brent,507
Queensbury,Brent,509
Queensbury,Brent,380
Queensbury,Brent,626
Queensbury,Brent,497
Queensbury,Brent,499
Queensbury,Brent,370
Queensbury,Brent,601
Queensbury,Brent,472
Queensbury,Brent,474
Queensbury,Brent,345
Queensbury,Brent,591
Queensbury,Brent,462
Queensbury,Brent,464
Queensbury,Brent,335
Queensbury,Brent,615
Queensbury,Brent,486
Queensbury,Brent,488
Queensbury,Brent,359
Queensbury,Brent,605
Queensbury,Brent,476
Queensbury,Brent,478
Queensbury,Brent,349
Queensbury,Brent,580
Queensbury,Brent,451
Queensbury,Brent,453
Queensbury,Brent,324
Queensbury,Brent,570
Queensbury,Brent,441
Queensbury,Brent,443
Queensbury,Brent,314
Stonebridge,Brent,779
Sudbury,Brent,207
Tokyngton,Brent,778
Welsh Harp,Brent,274
Wembley Central,Brent,701
Willesden Green,Brent,519
Bickley,Bromley,247
Biggin Hill,Bromley,174
Bromley Common and Keston,Bromley,267
Bromley Town,Bromley,1882
Chelsfield and Pratts Bottom,Bromley,158
Chislehurst,Bromley,384
Clock House,Bromley,304
Copers Cope,Bromley,461
Cray Valley East,Bromley,665
Cray Valley West,Bromley,324
Crystal Palace,Bromley,334
Darwin,Bromley,51
Farnborough and Crofton,Bromley,219
Hayes and Coney Hall,Bromley,262
Kelsey and Eden Park,Bromley,485
Mottingham and Chislehurst North,Bromley,318
Orpington,Bromley,537
Penge and Cator,Bromley,746
Petts Wood and Knoll,Bromley,258
Plaistow and Sundridge,Bromley,364
Shortlands,Bromley,109
West Wickham,Bromley,263
Belsize,Camden,338
Bloomsbury,Camden,5249
Camden Town with Primrose Hill,Camden,1853
Cantelowes,Camden,412
Fortune Green,Camden,269
Frognal and Fitzjohns,Camden,351
Gospel Oak,Camden,253
Hampstead Town,Camden,692
Haverstock,Camden,373
Highgate,Camden,420
Highgate,Camden,424
Highgate,Camden,380
Highgate,Camden,384
Highgate,Camden,399
Highgate,Camden,403
Highgate,Camden,359
Highgate,Camden,363
Highgate,Camden,426
Highgate,Camden,430
Highgate,Camden,386
Highgate,Camden,390
Highgate,Camden,405
Highgate,Camden,409
Highgate,Camden,365
Highgate,Camden,369
Highgate,Camden,419
Highgate,Camden,423
Highgate,Camden,379
Highgate,Camden,383
Highgate,Camden,398
Highgate,Camden,402
Highgate,Camden,358
Highgate,Camden,362
Highgate,Camden,425
Highgate,Camden,429
Highgate,Camden,385
Highgate,Camden,389
Highgate,Camden,404
Highgate,Camden,408
Highgate,Camden,364
Highgate,Camden,368
Holborn and Covent Garden,Camden,4459
Kentish Town,Camden,573
Kilburn,Camden,518
Kilburn,Camden,634
Kilburn,Camden,472
Kilburn,Camden,588
Kilburn,Camden,521
Kilburn,Camden,637
Kilburn,Camden,475
Kilburn,Camden,591
Kilburn,Camden,515
Kilburn,Camden,631
Kilburn,Camden,469
Kilburn,Camden,585
Kilburn,Camden,518
Kilburn,Camden,634
Kilburn,Camden,472
Kilburn,Camden,588
Kilburn,Camden,547
Kilburn,Camden,663
Kilburn,Camden,501
Kilburn,Camden,617
Kilburn,Camden,550
Kilburn,Camden,666
Kilburn,Camden,504
Kilburn,Camden,620
Kilburn,Camden,544
Kilburn,Camden,660
Kilburn,Camden,498
Kilburn,Camden,614
Kilburn,Camden,547
Kilburn,Camden,663
Kilburn,Camden,501
Kilburn,Camden,617
King's Cross,Camden,1301
Regent's Park,Camden,935
Regent's Park,Camden,932
Regent's Park,Camden,965
Regent's Park,Camden,962
Regent's Park,Camden,878
Regent's Park,Camden,875
Regent's Park,Camden,908
Regent's Park,Camden,905
Regent's Park,Camden,938
Regent's Park,Camden,935
Regent's Park,Camden,968
Regent's Park,Camden,965
Regent's Park,Camden,881
Regent's Park,Camden,878
Regent's Park,Camden,911
Regent's Park,Camden,908
Regent's Park,Camden,738
Regent's Park,Camden,735
Regent's Park,Camden,768
Regent's Park,Camden,765
Regent's Park,Camden,681
Regent's Park,Camden,678
Regent's Park,Camden,711
Regent's Park,Camden,708
Regent's Park,Camden,741
Regent's Park,Camden,738
Regent's Park,Camden,771
Regent's Park,Camden,768
Regent's Park,Camden,684
Regent's Park,Camden,681
Regent's Park,Camden,714
Regent's Park,Camden,711
St Pancras and Somers Town,Camden,1251
Swiss Cottage,Camden,467
West Hampstead,Camden,543
Addiscombe East,Croydon,258
Addiscombe West,Croydon,308
Bensham Manor,Croydon,366
Broad Green,Croydon,801
Coulsdon Town,Croydon,272
Crystal Palace and Upper Norwood,Croydon,387
Fairfield,Croydon,1789
Fairfield,Croydon,1242
Fairfield,Croydon,1764
Fairfield,Croydon,1217
Fairfield,Croydon,1788
Fairfield,Croydon,1241
Fairfield,Croydon,1763
Fairfield,Croydon,1216
Fairfield,Croydon,1777
Fairfield,Croydon,1230
Fairfield,Croydon,1752
Fairfield,Croydon,1205
Fairfield,Croydon,1776
Fairfield,Croydon,1229
Fairfield,Croydon,1751
Fairfield,Croydon,1204
Fairfield,Croydon,1579
Fairfield,Croydon,1032
Fairfield,Croydon,1554
Fairfield,Croydon,1007
Fairfield,Croydon,1578
Fairfield,Croydon,1031
Fairfield,Croydon,1553
Fairfield,Croydon,1006
Fairfield,Croydon,1567
Fairfield,Croydon,1020
Fairfield,Croydon,1542
Fairfield,Croydon,995
Fairfield,Croydon,1566
Fairfield,Croydon,1019
Fairfield,Croydon,1541
Fairfield,Croydon,994
Kenley,Croydon,103
New Addington North,Croydon,135
New Addington South,Croydon,215
Norbury Park,Croydon,211
Norbury and Pollards Hill,Croydon,256
Old Coulsdon,Croydon,84
Park Hill and Whitgift,Croydon,106
Purley Oaks and Riddlesdown,Croydon,162
Purley and Woodcote,Croydon,474
Sanderstead,Croydon,201
Selhurst,Croydon,340
Selsdon Vale and Forestdale,Croydon,156
Selsdon and Addington Village,Croydon,138
Shirley North,Croydon,323
Shirley South,Croydon,197
South Croydon,Croydon,359
South Norwood,Croydon,415
Thornton Heath,Croydon,528
Waddon,Croydon,636
West Thornton,Croydon,612
Woodside,Croydon,360
Woodside,Croydon,343
Woodside,Croydon,343
Woodside,Croydon,326
Woodside,Croydon,363
Woodside,Croydon,346
Woodside,Croydon,346
Woodside,Croydon,329
Woodside,Croydon,365
Woodside,Croydon,348
Woodside,Croydon,348
Woodside,Croydon,331
Woodside,Croydon,368
Woodside,Croydon,351
Woodside,Croydon,351
Woodside,Croydon,334
Woodside,Croydon,418
Woodside,Croydon,401
Woodside,Croydon,401
Woodside,Croydon,384
Woodside,Croydon,421
Woodside,Croydon,404
Woodside,Croydon,404
Woodside,Croydon,387
Woodside,Croydon,423
Woodside,Croydon,406
Woodside,Croydon,406
Woodside,Croydon,389
Woodside,Croydon,426
Woodside,Croydon,409
Woodside,Croydon,409
Woodside,Croydon,392
Acton Central,Ealing,582
Cleveland,Ealing,282
Dormers Wells,Ealing,194
Ealing Broadway,Ealing,1193
Ealing Common,Ealing,501
East Acton,Ealing,1196
Elthorne,Ealing,508
Greenford Broadway,Ealing,415
Greenford Green,Ealing,390
Hanger Hill,Ealing,536
Hobbayne,Ealing,199
Lady Margaret,Ealing,133
North Greenford,Ealing,225
Northfield,Ealing,265
Northolt Mandeville,Ealing,342
Northolt West End,Ealing,596
Norwood Green,Ealing,331
Perivale,Ealing,448
South Acton,Ealing,593
Southall Broadway,Ealing,582
Southall Green,Ealing,320
Southfield,Ealing,421
Walpole,Ealing,471
Bowes,Enfield,290
Bush Hill Park,Enfield,300
Chase,Enfield,373
Cockfosters,Enfield,417
Edmonton Green,Enfield,823
Enfield Highway,Enfield,513
Enfield Lock,Enfield,399
Grange,Enfield,646
Haselbury,Enfield,306
Highlands,Enfield,234
Jubilee,Enfield,329
Lower Edmonton,Enfield,279
Palmers Green,Enfield,625
Ponders End,Enfield,556
Southbury,Enfield,705
Southgate,Enfield,521
Southgate Green,Enfield,416
Town,Enfield,464
Town,Enfield,520
Town,Enfield,461
Town,Enfield,517
Town,Enfield,549
Town,Enfield,605
Town,Enfield,546
Town,Enfield,602
Town,Enfield,470
Town,Enfield,526
Town,Enfield,467
Town,Enfield,523
Town,Enfield,555
Town,Enfield,611
Town,Enfield,552
Town,Enfield,608
Town,Enfield,469
Town,Enfield,525
Town,Enfield,466
Town,Enfield,522
Town,Enfield,554
Town,Enfield,610
Town,Enfield,551
Town,Enfield,607
Town,Enfield,475
Town,Enfield,531
Town,Enfield,472
Town,Enfield,528
Town,Enfield,560
Town,Enfield,616
Town,Enfield,557
Town,Enfield,613
Turkey Street,Enfield,348
Upper Edmonton,Enfield,1404
Winchmore Hill,Enfield,370
Abbey Wood,Greenwich,500
Blackheath Westcombe,Greenwich,451
Charlton,Greenwich,371
Coldharbour and New Eltham,Greenwich,266
Eltham North,Greenwich,422
Eltham South,Greenwich,507
Eltham West,Greenwich,236
Glyndon,Greenwich,314
Greenwich Park,Greenwich,16
Greenwich West,Greenwich,912
Kidbrooke with Hornfair,Greenwich,353
Middle Park and Sutcliffe,Greenwich,331
Peninsula,Greenwich,1719
Plumstead,Greenwich,401
Shooters Hill,Greenwich,234
Thamesmead Moorings,Greenwich,658
Woolwich Common,Greenwich,626
Woolwich Riverside,Greenwich,1101
Brownswood,Hackney,318
Cazenove,Hackney,287
Clissold,Hackney,422
Dalston,Hackney,1175
De Beauvoir,Hackney,418
Hackney Central,Hackney,835
Hackney Downs,Hackney,333
Hackney Wick,Hackney,400
Haggerston,Hackney,724
Homerton,Hackney,644
Hoxton East and Shoreditch,Hackney,2897
Hoxton West,Hackney,1138
King's Park,Hackney,320
Lea Bridge,Hackney,511
Lea Bridge,Hackney,464
Lea Bridge,Hackney,554
Lea Bridge,Hackney,507
Lea Bridge,Hackney,494
Lea Bridge,Hackney,447
Lea Bridge,Hackney,537
Lea Bridge,Hackney,490
Lea Bridge,Hackney,506
Lea Bridge,Hackney,459
Lea Bridge,Hackney,549
Lea Bridge,Hackney,502
Lea Bridge,Hackney,489
Lea Bridge,Hackney,442
Lea Bridge,Hackney,532
Lea Bridge,Hackney,485
Lea Bridge,Hackney,519
Lea Bridge,Hackney,472
Lea Bridge,Hackney,562
Lea Bridge,Hackney,515
Lea Bridge,Hackney,502
Lea Bridge,Hackney,455
Lea Bridge,Hackney,545
Lea Bridge,Hackney,498
Lea Bridge,Hackney,514
Lea Bridge,Hackney,467
Lea Bridge,Hackney,557
Lea Bridge,Hackney,510
Lea Bridge,Hackney,497
Lea Bridge,Hackney,450
Lea Bridge,Hackney,540
Lea Bridge,Hackney,493
London Fields,Hackney,966
Shacklewell,Hackney,312
Springfield,Hackney,515
Stamford Hill West,Hackney,239
Stoke Newington,Hackney,473
Victoria,Hackney,420
Woodberry Down,Hackney,321
Addison,Hammersmith and Fulham,603
Askew,Hammersmith and Fulham,338
Avonmore and Brook Green,Hammersmith and Fulham,524
College Park and Old Oak,Hammersmith and Fulham,443
Fulham Broadway,Hammersmith and Fulham,485
Fulham Reach,Hammersmith and Fulham,444
Hammersmith Broadway,Hammersmith and Fulham,1401
Munster,Hammersmith and Fulham,301
North End,Hammersmith and Fulham,370
Palace Riverside,Hammersmith and Fulham,241
Parsons Green and Walham,Hammersmith and Fulham,700
Ravenscourt Park,Hammersmith and Fulham,565
Sands End,Hammersmith and Fulham,355
Shepherd's Bush Green,Hammersmith and Fulham,1862
Town,Hammersmith and Fulham,493
Town,Hammersmith and Fulham,549
Town,Hammersmith and Fulham,490
Town,Hammersmith and Fulham,546
Town,Hammersmith and Fulham,578
Town,Hammersmith and Fulham,634
Town,Hammersmith and Fulham,575
Town,Hammersmith and Fulham,631
Town,Hammersmith and Fulham,499
Town,Hammersmith and Fulham,555
Town,Hammersmith and Fulham,496
Town,Hammersmith and Fulham,552
Town,Hammersmith and Fulham,584
Town,Hammersmith and Fulham,640
Town,Hammersmith and Fulham,581
Town,Hammersmith and Fulham,637
Town,Hammersmith and Fulham,498
Town,Hammersmith and Fulham,554
Town,Hammersmith and Fulham,495
Town,Hammersmith and Fulham,551
Town,Hammersmith and Fulham,583
Town,Hammersmith and Fulham,639
Town,Hammersmith and Fulham,580
Town,Hammersmith and Fulham,636
Town,Hammersmith and Fulham,504
Town,Hammersmith and Fulham,560
Town,Hammersmith and Fulham,501
Town,Hammersmith and Fulham,557
Town,Hammersmith and Fulham,589
Town,Hammersmith and Fulham,645
Town,Hammersmith and Fulham,586
Town,Hammersmith and Fulham,642
Wormholt and White City,Hammersmith and Fulham,275
Alexandra,Haringey,291
Alexandra,Haringey,324
Alexandra,Haringey,228
Alexandra,Haringey,261
Alexandra,Haringey,290
Alexandra,Haringey,323
Alexandra,Haringey,227
Alexandra,Haringey,260
Alexandra,Haringey,245
Alexandra,Haringey,278
Alexandra,Haringey,182
Alexandra,Haringey,215
Alexandra,Haringey,244
Alexandra,Haringey,277
Alexandra,Haringey,181
Alexandra,Haringey,214
Alexandra,Haringey,249
Alexandra,Haringey,282
Alexandra,Haringey,186
Alexandra,Haringey,219
Alexandra,Haringey,248
Alexandra,Haringey,281
Alexandra,Haringey,185
Alexandra,Haringey,218
Alexandra,Haringey,203
Alexandra,Haringey,236
Alexandra,Haringey,140
Alexandra,Haringey,173
Alexandra,Haringey,202
Alexandra,Haringey,235
Alexandra,Haringey,139
Alexandra,Haringey,172
Bounds Green,Haringey,481
Bruce Grove,Haringey,478
Crouch End,Haringey,537
Fortis Green,Haringey,326
Harringay,Haringey,594
Highgate,Haringey,405
Highgate,Haringey,409
Highgate,Haringey,365
Highgate,Haringey,369
Highgate,Haringey,384
Highgate,Haringey,388
Highgate,Haringey,344
Highgate,Haringey,348
Highgate,Haringey,411
Highgate,Haringey,415
Highgate,Haringey,371
Highgate,Haringey,375
Highgate,Haringey,390
Highgate,Haringey,394
Highgate,Haringey,350
Highgate,Haringey,354
Highgate,Haringey,404
Highgate,Haringey,408
Highgate,Haringey,364
Highgate,Haringey,368
Highgate,Haringey,383
Highgate,Haringey,387
Highgate,Haringey,343
Highgate,Haringey,347
Highgate,Haringey,410
Highgate,Haringey,414
Highgate,Haringey,370
Highgate,Haringey,374
Highgate,Haringey,389
Highgate,Haringey,393
Highgate,Haringey,349
Highgate,Haringey,353
Hornsey,Haringey,463
Muswell Hill,Haringey,470
Noel Park,Haringey,1987
Northumberland Park,Haringey,838
Seven Sisters,Haringey,606
St Ann's,Haringey,460
Stroud Green,Haringey,334
Tottenham Green,Haringey,1224
Tottenham Hale,Haringey,877
West Green,Haringey,455
White Hart Lane,Haringey,569
Woodside,Haringey,391
Woodside,Haringey,374
Woodside,Haringey,374
Woodside,Haringey,357
Woodside,Haringey,394
Woodside,Haringey,377
Woodside,Haringey,377
Woodside,Haringey,360
Woodside,Haringey,396
Woodside,Haringey,379
Woodside,Haringey,379
Woodside,Haringey,362
Woodside,Haringey,399
Woodside,Haringey,382
Woodside,Haringey,382
Woodside,Haringey,365
Woodside,Haringey,449
Woodside,Haringey,432
Woodside,Haringey,432
Woodside,Haringey,415
Woodside,Haringey,452
Woodside,Haringey,435
Woodside,Haringey,435
Woodside,Haringey,418
Woodside,Haringey,454
Woodside,Haringey,437
Woodside,Haringey,437
Woodside,Haringey,420
Woodside,Haringey,457
Woodside,Haringey,440
Woodside,Haringey,440
Woodside,Haringey,423
Belmont,Harrow,251
Belmont,Harrow,245
Belmont,Harrow,257
Belmont,Harrow,251
Belmont,Harrow,248
Belmont,Harrow,242
Belmont,Harrow,254
Belmont,Harrow,248
Belmont,Harrow,244
Belmont,Harrow,238
Belmont,Harrow,250
Belmont,Harrow,244
Belmont,Harrow,241
Belmont,Harrow,235
Belmont,Harrow,247
Belmont,Harrow,241
Belmont,Harrow,249
Belmont,Harrow,243
Belmont,Harrow,255
Belmont,Harrow,249
Belmont,Harrow,246
Belmont,Harrow,240
Belmont,Harrow,252
Belmont,Harrow,246
Belmont,Harrow,242
Belmont,Harrow,236
Belmont,Harrow,248
Belmont,Harrow,242
Belmont,Harrow,239
Belmont,Harrow,233
Belmont,Harrow,245
Belmont,Harrow,239
Canons,Harrow,248
Edgware,Harrow,502
Edgware,Harrow,438
Edgware,Harrow,455
Edgware,Harrow,391
Edgware,Harrow,491
Edgware,Harrow,427
Edgware,Harrow,444
Edgware,Harrow,380
Edgware,Harrow,478
Edgware,Harrow,414
Edgware,Harrow,431
Edgware,Harrow,367
Edgware,Harrow,467
Edgware,Harrow,403
Edgware,Harrow,420
Edgware,Harrow,356
Edgware,Harrow,421
Edgware,Harrow,357
Edgware,Harrow,374
Edgware,Harrow,310
Edgware,Harrow,410
Edgware,Harrow,346
Edgware,Harrow,363
Edgware,Harrow,299
Edgware,Harrow,397
Edgware,Harrow,333
Edgware,Harrow,350
Edgware,Harrow,286
Edgware,Harrow,386
Edgware,Harrow,322
Edgware,Harrow,339
Edgware,Harrow,275
Greenhill,Harrow,556
Harrow Town Centre,Harrow,911
Harrow Weald,Harrow,212
Harrow on the Hill,Harrow,244
Hatch End,Harrow,192
Headstone North,Harrow,191
Headstone South,Harrow,244
Kenton East,Harrow,115
Kenton West,Harrow,193
Marlborough,Harrow,271
Pinner,Harrow,295
Pinner South,Harrow,96
Queensbury,Harrow,483
Queensbury,Harrow,354
Queensbury,Harrow,356
Queensbury,Harrow,227
Queensbury,Harrow,473
Queensbury,Harrow,344
Queensbury,Harrow,346
Queensbury,Harrow,217
Queensbury,Harrow,448
Queensbury,Harrow,319
Queensbury,Harrow,321
Queensbury,Harrow,192
Queensbury,Harrow,438
Queensbury,Harrow,309
Queensbury,Harrow,311
Queensbury,Harrow,182
Queensbury,Harrow,462
Queensbury,Harrow,333
Queensbury,Harrow,335
Queensbury,Harrow,206
Queensbury,Harrow,452
Queensbury,Harrow,323
Queensbury,Harrow,325
Queensbury,Harrow,196
Queensbury,Harrow,427
Queensbury,Harrow,298
Queensbury,Harrow,300
Queensbury,Harrow,171
Queensbury,Harrow,417
Queensbury,Harrow,288
Queensbury,Harrow,290
Queensbury,Harrow,161
Rayners Lane,Harrow,171
Roxbourne,Harrow,257
Roxeth,Harrow,233
Stanmore Park,Harrow,222
Wealdstone,Harrow,315
West Harrow,Harrow,163
Brooklands,Havering,369
Cranham,Havering,77
Elm Park,Havering,164
Emerson Park,Havering,164
Gooshays,Havering,450
Hacton,Havering,123
Harold Wood,Havering,314
Havering Park,Havering,225
Heaton,Havering,308
Hylands,Havering,411
Mawneys,Havering,338
Pettits,Havering,260
Rainham and Wennington,Havering,382
Romford Town,Havering,1629
South Hornchurch,Havering,286
Squirrel's Heath,Havering,226
St Andrew's,Havering,369
Upminster,Havering,363
Barnhill,Hillingdon,441
Barnhill,Hillingdon,391
Barnhill,Hillingdon,450
Barnhill,Hillingdon,400
Barnhill,Hillingdon,436
Barnhill,Hillingdon,386
Barnhill,Hillingdon,445
Barnhill,Hillingdon,395
Barnhill,Hillingdon,420
Barnhill,Hillingdon,370
Barnhill,Hillingdon,429
Barnhill,Hillingdon,379
Barnhill,Hillingdon,415
Barnhill,Hillingdon,365
Barnhill,Hillingdon,424
Barnhill,Hillingdon,374
Barnhill,Hillingdon,430
Barnhill,Hillingdon,380
Barnhill,Hillingdon,439
Barnhill,Hillingdon,389
Barnhill,Hillingdon,425
Barnhill,Hillingdon,375
Barnhill,Hillingdon,434
Barnhill,Hillingdon,384
Barnhill,Hillingdon,409
Barnhill,Hillingdon,359
Barnhill,Hillingdon,418
Barnhill,Hillingdon,368
Barnhill,Hillingdon,404
Barnhill,Hillingdon,354
Barnhill,Hillingdon,413
Barnhill,Hillingdon,363
Botwell,Hillingdon,261
Brunel,Hillingdon,471
Cavendish,Hillingdon,118
Charville,Hillingdon,182
Eastcote and East Ruislip,Hillingdon,284
Harefield,Hillingdon,148
Hayes Town Centre,Hillingdon,713
Heathrow Villages,Hillingdon,697
Hillingdon East,Hillingdon,220
Ickenham,Hillingdon,184
Manor,Hillingdon,179
Northwood,Hillingdon,245
Northwood Hills,Hillingdon,244
Pinkwell,Hillingdon,458
South Ruislip,Hillingdon,459
Townfield,Hillingdon,605
Uxbridge North,Hillingdon,289
Uxbridge South,Hillingdon,307
Uxbridge Town Centre,Hillingdon,939
West Drayton,Hillingdon,403
West Ruislip,Hillingdon,379
Yeading,Hillingdon,573
Yiewsley,Hillingdon,553
Bedfont,Hounslow,373
Brentford,Hounslow,501
Chiswick Homefields,Hounslow,579
Chiswick Riverside,Hounslow,289
Cranford,Hounslow,321
Feltham North,Hounslow,341
Feltham West,Hounslow,371
Hanworth,Hounslow,266
Hanworth Park,Hounslow,296
Heston Central,Hounslow,342
Heston East,Hounslow,462
Heston West,Hounslow,597
Hounslow Central,Hounslow,329
Hounslow Heath,Hounslow,408
Hounslow South,Hounslow,167
Hounslow Town Centre,Hounslow,1111
Hounslow West,Hounslow,398
Isleworth,Hounslow,314
Osterley and Spring Grove,Hounslow,487
Syon,Hounslow,420
Turnham Green,Hounslow,728
Angel Town Centre,Islington,1674
Barnsbury,Islington,392
Bunhill,Islington,1749
Caledonian,Islington,1086
Canonbury,Islington,441
Clerkenwell,Islington,1033
Finsbury Park,Islington,1236
Highbury East,Islington,608
Highbury West,Islington,716
Hillrise,Islington,289
Holloway,Islington,461
Junction,Islington,677
Mildmay,Islington,552
St George's,Islington,416
St George's,Islington,424
St George's,Islington,362
St George's,Islington,370
St George's,Islington,398
St George's,Islington,406
St George's,Islington,344
St George's,Islington,352
St George's,Islington,385
St George's,Islington,393
St George's,Islington,331
St George's,Islington,339
St George's,Islington,367
St George's,Islington,375
St George's,Islington,313
St George's,Islington,321
St George's,Islington,572
St George's,Islington,580
St George's,Islington,518
St George's,Islington,526
St George's,Islington,554
St George's,Islington,562
St George's,Islington,500
St George's,Islington,508
St George's,Islington,541
St George's,Islington,549
St George's,Islington,487
St George's,Islington,495
St George's,Islington,523
St George's,Islington,531
St George's,Islington,469
St George's,Islington,477
St Mary's,Islington,888
St Peter's,Islington,576
St Peter's,Islington,625
St Peter's,Islington,634
St Peter's,Islington,683
St Peter's,Islington,736
St Peter's,Islington,785
St Peter's,Islington,794
St Peter's,Islington,843
St Peter's,Islington,604
St Peter's,Islington,653
St Peter's,Islington,662
St Peter's,Islington,711
St Peter's,Islington,764
St Peter's,Islington,813
St Peter's,Islington,822
St Peter's,Islington,871
St Peter's,Islington,558
St Peter's,Islington,607
St Peter's,Islington,616
St Peter's,Islington,665
St Peter's,Islington,718
St Peter's,Islington,767
St Peter's,Islington,776
St Peter's,Islington,825
St Peter's,Islington,586
St Peter's,Islington,635
St Peter's,Islington,644
St Peter's,Islington,693
St Peter's,Islington,746
St Peter's,Islington,795
St Peter's,Islington,804
St Peter's,Islington,853
Tollington,Islington,437
Abingdon,Kensington and Chelsea,541
Brompton and Hans Town,Kensington and Chelsea,2411
Campden,Kensington and Chelsea,1018
Chelsea Riverside,Kensington and Chelsea,392
Colville,Kensington and Chelsea,925
Courtfield,Kensington and Chelsea,889
Dalgarno,Kensington and Chelsea,253
Earl's Court,Kensington and Chelsea,619
Golborne,Kensington and Chelsea,454
Holland,Kensington and Chelsea,363
Norland,Kensington and Chelsea,268
Notting Dale,Kensington and Chelsea,456
Pembridge,Kensington and Chelsea,610
Queen's Gate,Kensington and Chelsea,734
Redcliffe,Kensington and Chelsea,375
Royal Hospital,Kensington and Chelsea,1134
St Helen's,Kensington and Chelsea,252
Stanley,Kensington and Chelsea,730
Alexandra,Kingston upon Thames,264
Alexandra,Kingston upon Thames,297
Alexandra,Kingston upon Thames,201
Alexandra,Kingston upon Thames,234
Alexandra,Kingston upon Thames,263
Alexandra,Kingston upon Thames,296
Alexandra,Kingston upon Thames,200
Alexandra,Kingston upon Thames,233
Alexandra,Kingston upon Thames,218
Alexandra,Kingston upon Thames,251
Alexandra,Kingston upon Thames,155
Alexandra,Kingston upon Thames,188
Alexandra,Kingston upon Thames,217
Alexandra,Kingston upon Thames,250
Alexandra,Kingston upon Thames,154
Alexandra,Kingston upon Thames,187
Alexandra,Kingston upon Thames,222
Alexandra,Kingston upon Thames,255
Alexandra,Kingston upon Thames,159
Alexandra,Kingston upon Thames,192
Alexandra,Kingston upon Thames,221
Alexandra,Kingston upon Thames,254
Alexandra,Kingston upon Thames,158
Alexandra,Kingston upon Thames,191
Alexandra,Kingston upon Thames,176
Alexandra,Kingston upon Thames,209
Alexandra,Kingston upon Thames,113
Alexandra,Kingston upon Thames,146
Alexandra,Kingston upon Thames,175
Alexandra,Kingston upon Thames,208
Alexandra,Kingston upon Thames,112
Alexandra,Kingston upon Thames,145
Berrylands,Kingston upon Thames,137
Beverley,Kingston upon Thames,351
Canbury,Kingston upon Thames,304
Chessington North and Hook,Kingston upon Thames,119
Chessington South,Kingston upon Thames,167
Coombe Hill,Kingston upon Thames,202
Coombe Vale,Kingston upon Thames,74
Grove,Kingston upon Thames,1885
Norbiton,Kingston upon Thames,211
Old Malden,Kingston upon Thames,96
St James,Kingston upon Thames,99
St Mark's,Kingston upon Thames,342
Surbiton Hill,Kingston upon Thames,122
Tolworth and Hook Rise,Kingston upon Thames,236
Tudor,Kingston upon Thames,96
Bishop's,Lambeth,2221
Brixton Hill,Lambeth,502
Clapham Common,Lambeth,447
Clapham Town,Lambeth,1181
Coldharbour,Lambeth,1055
Ferndale,Lambeth,1115
Gipsy Hill,Lambeth,275
Herne Hill,Lambeth,563
Knight's Hill,Lambeth,378
Larkhall,Lambeth,551
Oval,Lambeth,805
Prince's,Lambeth,597
St Leonard's,Lambeth,697
Stockwell,Lambeth,388
Streatham Hill,Lambeth,390
Streatham South,Lambeth,509
Streatham Wells,Lambeth,307
Thornton,Lambeth,184
Thurlow Park,Lambeth,304
Tulse Hill,Lambeth,266
Vassall,Lambeth,370
Bellingham,Lewisham,542
Blackheath,Lewisham,446
Brockley,Lewisham,690
Catford South,Lewisham,339
Crofton Park,Lewisham,357
Downham,Lewisham,432
Evelyn,Lewisham,394
Forest Hill,Lewisham,349
Grove Park,Lewisham,256
Ladywell,Lewisham,281
Lee Green,Lewisham,452
Lewisham Central,Lewisham,716
Lewisham Town Centre,Lewisham,1004
New Cross,Lewisham,815
Perry Vale,Lewisham,364
Rushey Green,Lewisham,355
Sydenham,Lewisham,427
Telegraph Hill,Lewisham,330
Whitefoot,Lewisham,400
Abbey,Merton,862
Abbey,Merton,612
Abbey,Merton,778
Abbey,Merton,528
Abbey,Merton,853
Abbey,Merton,603
Abbey,Merton,769
Abbey,Merton,519
Abbey,Merton,823
Abbey,Merton,573
Abbey,Merton,739
Abbey,Merton,489
Abbey,Merton,814
Abbey,Merton,564
Abbey,Merton,730
Abbey,Merton,480
Abbey,Merton,609
Abbey,Merton,359
Abbey,Merton,525
Abbey,Merton,275
Abbey,Merton,600
Abbey,Merton,350
Abbey,Merton,516
Abbey,Merton,266
Abbey,Merton,570
Abbey,Merton,320
Abbey,Merton,486
Abbey,Merton,236
Abbey,Merton,561
Abbey,Merton,311
Abbey,Merton,477
Abbey,Merton,227
Cannon Hill,Merton,150
Colliers Wood,Merton,413
Cricket Green,Merton,233
Dundonald,Merton,244
Figge's Marsh,Merton,307
Graveney,Merton,152
Graveney,Merton,149
Graveney,Merton,185
Graveney,Merton,182
Graveney,Merton,168
Graveney,Merton,165
Graveney,Merton,201
Graveney,Merton,198
Graveney,Merton,153
Graveney,Merton,150
Graveney,Merton,186
Graveney,Merton,183
Graveney,Merton,169
Graveney,Merton,166
Graveney,Merton,202
Graveney,Merton,199
Graveney,Merton,155
Graveney,Merton,152
Graveney,Merton,188
Graveney,Merton,185
Graveney,Merton,171
Graveney,Merton,168
Graveney,Merton,204
Graveney,Merton,201
Graveney,Merton,156
Graveney,Merton,153
Graveney,Merton,189
Graveney,Merton,186
Graveney,Merton,172
Graveney,Merton,169
Graveney,Merton,205
Graveney,Merton,202
Hillside,Merton,267
Lavender Fields,Merton,186
Longthornton,Merton,180
Lower Morden,Merton,83
Merton Park,Merton,196
Pollards Hill,Merton,180
Ravensbury,Merton,201
Raynes Park,Merton,224
St Helier,Merton,194
St Helier,Merton,207
St Helier,Merton,231
St Helier,Merton,244
St Helier,Merton,190
St Helier,Merton,203
St Helier,Merton,227
St Helier,Merton,240
St Helier,Merton,183
St Helier,Merton,196
St Helier,Merton,220
St Helier,Merton,233
St Helier,Merton,179
St Helier,Merton,192
St Helier,Merton,216
St Helier,Merton,229
St Helier,Merton,191
St Helier,Merton,204
St Helier,Merton,228
St Helier,Merton,241
St Helier,Merton,187
St Helier,Merton,200
St Helier,Merton,224
St Helier,Merton,237
St Helier,Merton,180
St Helier,Merton,193
St Helier,Merton,217
St Helier,Merton,230
St Helier,Merton,176
St Helier,Merton,189
St Helier,Merton,213
St Helier,Merton,226
Trinity,Merton,463
Village,Merton,299
Village,Merton,268
Village,Merton,321
Village,Merton,290
Village,Merton,303
Village,Merton,272
Village,Merton,325
Village,Merton,294
Village,Merton,256
Village,Merton,225
Village,Merton,278
Village,Merton,247
Village,Merton,260
Village,Merton,229
Village,Merton,282
Village,Merton,251
Village,Merton,282
Village,Merton,251
Village,Merton,304
Village,Merton,273
Village,Merton,286
Village,Merton,255
Village,Merton,308
Village,Merton,277
Village,Merton,239
Village,Merton,208
Village,Merton,261
Village,Merton,230
Village,Merton,243
Village,Merton,212
Village,Merton,265
Village,Merton,234
West Barnes,Merton,436
Wimbledon Park,Merton,294
Beckton,Newham,985
Boleyn,Newham,371
Canning Town North,Newham,614
Canning Town South,Newham,521
Custom House,Newham,500
East Ham Central,Newham,1227
East Ham North,Newham,217
East Ham South,Newham,321
East Village and International Quarter,Newham,155
Forest Gate North,Newham,308
Forest Gate South,Newham,534
Green Street East,Newham,343
Green Street West,Newham,697
Little Ilford,Newham,351
Manor Park,Newham,352
Plaistow North,Newham,243
Plaistow South,Newham,491
Royal Docks,Newham,336
Stratford and New Town,Newham,2008
Wall End,Newham,244
West Ham,Newham,244
Westfield Shopping Centre,Newham,1879
Aldborough,Redbridge,486
Barkingside,Redbridge,353
Bridge,Redbridge,226
Chadwell,Redbridge,221
Churchfields,Redbridge,328
Clayhall,Redbridge,318
Clementswood,Redbridge,255
Cranbrook,Redbridge,392
Fairlop,Redbridge,378
Fullwell,Redbridge,322
Goodmayes,Redbridge,434
Hainault,Redbridge,247
Ilford Town,Redbridge,2011
Loxford,Redbridge,397
Mayfield,Redbridge,232
Monkhams,Redbridge,183
Newbury,Redbridge,299
Seven Kings,Redbridge,296
South Woodford,Redbridge,406
Valentines,Redbridge,430
Wanstead Park,Redbridge,269
Wanstead Village,Redbridge,423
Barnes,Richmond upon Thames,312
Bushy Park,Richmond upon Thames,30
East Sheen,Richmond upon Thames,297
Fulwell and Hampton Hill,Richmond upon Thames,127
"Ham, Petersham and Richmond Riverside",Richmond upon Thames,131
Hampton,Richmond upon Thames,170
Hampton North,Richmond upon Thames,189
Hampton Wick,Richmond upon Thames,195
Heathfield,Richmond upon Thames,170
Kew,Richmond upon Thames,345
Mortlake and Barnes Common,Richmond upon Thames,303
North Richmond,Richmond upon Thames,385
Richmond Park,Richmond upon Thames,29
South Richmond,Richmond upon Thames,819
South Twickenham,Richmond upon Thames,171
St Margarets and North Twickenham,Richmond upon Thames,264
Teddington,Richmond upon Thames,225
Twickenham Riverside,Richmond upon Thames,405
West Twickenham,Richmond upon Thames,206
Whitton,Richmond upon Thames,178
Borough and Bankside,Southwark,2446
Camberwell Green,Southwark,649
Champion Hill,Southwark,210
Chaucer,Southwark,757
Dulwich Hill,Southwark,207
Dulwich Village,Southwark,367
Dulwich Wood,Southwark,239
Faraday,Southwark,398
Goose Green,Southwark,466
London Bridge and West Bermondsey,Southwark,2488
Newington,Southwark,287
North Bermondsey,Southwark,847
North Walworth,Southwark,949
Nunhead and Queen's Road,Southwark,389
Old Kent Road,Southwark,702
Peckham,Southwark,415
Peckham Rye,Southwark,181
Rotherhithe,Southwark,797
Rye Lane,Southwark,1093
South Bermondsey,Southwark,461
St George's,Southwark,530
St George's,Southwark,538
St George's,Southwark,476
St George's,Southwark,484
St George's,Southwark,512
St George's,Southwark,520
St George's,Southwark,458
St George's,Southwark,466
St George's,Southwark,499
St George's,Southwark,507
St George's,Southwark,445
St George's,Southwark,453
St George's,Southwark,481
St George's,Southwark,489
St George's,Southwark,427
St George's,Southwark,435
St George's,Southwark,686
St George's,Southwark,694
St George's,Southwark,632
St George's,Southwark,640
St George's,Southwark,668
St George's,Southwark,676
St George's,Southwark,614
St George's,Southwark,622
St George's,Southwark,655
St George's,Southwark,663
St George's,Southwark,601
St George's,Southwark,609
St George's,Southwark,637
St George's,Southwark,645
St George's,Southwark,583
St George's,Southwark,591
St Giles,Southwark,514
Surrey Docks,Southwark,386
Beddington North,Sutton,265
Beddington South,Sutton,181
Belmont,Sutton,165
Belmont,Sutton,159
Belmont,Sutton,171
Belmont,Sutton,165
Belmont,Sutton,162
Belmont,Sutton,156
Belmont,Sutton,168
Belmont,Sutton,162
Belmont,Sutton,158
Belmont,Sutton,152
Belmont,Sutton,164
Belmont,Sutton,158
Belmont,Sutton,155
Belmont,Sutton,149
Belmont,Sutton,161
Belmont,Sutton,155
Belmont,Sutton,163
Belmont,Sutton,157
Belmont,Sutton,169
Belmont,Sutton,163
Belmont,Sutton,160
Belmont,Sutton,154
Belmont,Sutton,166
Belmont,Sutton,160
Belmont,Sutton,156
Belmont,Sutton,150
Belmont,Sutton,162
Belmont,Sutton,156
Belmont,Sutton,153
Belmont,Sutton,147
Belmont,Sutton,159
Belmont,Sutton,153
Carshalton Central,Sutton,192
Carshalton South and Clockhouse,Sutton,114
Cheam,Sutton,146
Nonsuch,Sutton,256
St Helier,Sutton,192
St Helier,Sutton,205
St Helier,Sutton,229
St Helier,Sutton,242
St Helier,Sutton,188
St Helier,Sutton,201
St Helier,Sutton,225
St Helier,Sutton,238
St Helier,Sutton,181
St Helier,Sutton,194
St Helier,Sutton,218
St Helier,Sutton,231
St Helier,Sutton,177
St Helier,Sutton,190
St Helier,Sutton,214
St Helier,Sutton,227
St Helier,Sutton,189
St Helier,Sutton,202
St Helier,Sutton,226
St Helier,Sutton,239
St Helier,Sutton,185
St Helier,Sutton,198
St Helier,Sutton,222
St Helier,Sutton,235
St Helier,Sutton,178
St Helier,Sutton,191
St Helier,Sutton,215
St Helier,Sutton,228
St Helier,Sutton,174
St Helier,Sutton,187
St Helier,Sutton,211
St Helier,Sutton,224
Stonecot,Sutton,183
Sutton Central,Sutton,1057
Sutton North,Sutton,181
Sutton South,Sutton,122
Sutton West,Sutton,190
The Wrythe,Sutton,293
Wallington North,Sutton,240
Wallington South,Sutton,277
Wandle Valley,Sutton,237
Worcester Park,Sutton,124
Bethnal Green,Tower Hamlets,900
Blackwall and Cubitt Town,Tower Hamlets,391
Bow East,Tower Hamlets,661
Bow West,Tower Hamlets,610
Bromley North,Tower Hamlets,364
Bromley South,Tower Hamlets,305
Canary Wharf,Tower Hamlets,907
Island Gardens,Tower Hamlets,167
Lansbury,Tower Hamlets,529
Limehouse,Tower Hamlets,153
Mile End,Tower Hamlets,608
Poplar,Tower Hamlets,246
Shadwell,Tower Hamlets,374
Spitalfields and Banglatown,Tower Hamlets,1675
St Dunstan's,Tower Hamlets,272
St Katharine's and Wapping,Tower Hamlets,818
St Peter's,Tower Hamlets,790
St Peter's,Tower Hamlets,839
St Peter's,Tower Hamlets,848
St Peter's,Tower Hamlets,897
St Peter's,Tower Hamlets,950
St Peter's,Tower Hamlets,999
St Peter's,Tower Hamlets,1008
St Peter's,Tower Hamlets,1057
St Peter's,Tower Hamlets,818
St Peter's,Tower Hamlets,867
St Peter's,Tower Hamlets,876
St Peter's,Tower Hamlets,925
St Peter's,Tower Hamlets,978
St Peter's,Tower Hamlets,1027
St Peter's,Tower Hamlets,1036
St Peter's,Tower Hamlets,1085
St Peter's,Tower Hamlets,772
St Peter's,Tower Hamlets,821
St Peter's,Tower Hamlets,830
St Peter's,Tower Hamlets,879
St Peter's,Tower Hamlets,932
St Peter's,Tower Hamlets,981
St Peter's,Tower Hamlets,990
St Peter's,Tower Hamlets,1039
St Peter's,Tower Hamlets,800
St Peter's,Tower Hamlets,849
St Peter's,Tower Hamlets,858
St Peter's,Tower Hamlets,907
St Peter's,Tower Hamlets,960
St Peter's,Tower Hamlets,1009
St Peter's,Tower Hamlets,1018
St Peter's,Tower Hamlets,1067
Stepney Green,Tower Hamlets,256
Weavers,Tower Hamlets,1161
Whitechapel,Tower Hamlets,1063
Cann Hall,Waltham Forest,282
Cathall,Waltham Forest,296
Chapel End,Waltham Forest,482
Chingford Green,Waltham Forest,258
Endlebury,Waltham Forest,189
Forest,Waltham Forest,467
Grove Green,Waltham Forest,286
Hale End and Highams Park,Waltham Forest,354
Hatch Lane,Waltham Forest,210
High Street,Waltham Forest,1240
Higham Hill,Waltham Forest,278
Hoe Street,Waltham Forest,455
Larkswood,Waltham Forest,322
Lea Bridge,Waltham Forest,538
Lea Bridge,Waltham Forest,491
Lea Bridge,Waltham Forest,581
Lea Bridge,Waltham Forest,534
Lea Bridge,Waltham Forest,521
Lea Bridge,Waltham Forest,474
Lea Bridge,Waltham Forest,564
Lea Bridge,Waltham Forest,517
Lea Bridge,Waltham Forest,533
Lea Bridge,Waltham Forest,486
Lea Bridge,Waltham Forest,576
Lea Bridge,Waltham Forest,529
Lea Bridge,Waltham Forest,516
Lea Bridge,Waltham Forest,469
Lea Bridge,Waltham Forest,559
Lea Bridge,Waltham Forest,512
Lea Bridge,Waltham Forest,546
Lea Bridge,Waltham Forest,499
Lea Bridge,Waltham Forest,589
Lea Bridge,Waltham Forest,542
Lea Bridge,Waltham Forest,529
Lea Bridge,Waltham Forest,482
Lea Bridge,Waltham Forest,572
Lea Bridge,Waltham Forest,525
Lea Bridge,Waltham Forest,541
Lea Bridge,Waltham Forest,494
Lea Bridge,Waltham Forest,584
Lea Bridge,Waltham Forest,537
Lea Bridge,Waltham Forest,524
Lea Bridge,Waltham Forest,477
Lea Bridge,Waltham Forest,567
Lea Bridge,Waltham Forest,520
Leyton,Waltham Forest,573
Leytonstone,Waltham Forest,554
Markhouse,Waltham Forest,455
Valley,Waltham Forest,826
William Morris,Waltham Forest,333
Wood Street,Waltham Forest,329
Balham,Wandsworth,793
Bedford,Wandsworth,304
Earlsfield,Wandsworth,398
East Putney,Wandsworth,244
Fairfield,Wandsworth,1336
Fairfield,Wandsworth,789
Fairfield,Wandsworth,1311
Fairfield,Wandsworth,764
Fairfield,Wandsworth,1335
Fairfield,Wandsworth,788
Fairfield,Wandsworth,1310
Fairfield,Wandsworth,763
Fairfield,Wandsworth,1324
Fairfield,Wandsworth,777
Fairfield,Wandsworth,1299
Fairfield,Wandsworth,752
Fairfield,Wandsworth,1323
Fairfield,Wandsworth,776
Fairfield,Wandsworth,1298
Fairfield,Wandsworth,751
Fairfield,Wandsworth,1126
Fairfield,Wandsworth,579
Fairfield,Wandsworth,1101
Fairfield,Wandsworth,554
Fairfield,Wandsworth,1125
Fairfield,Wandsworth,578
Fairfield,Wandsworth,1100
Fairfield,Wandsworth,553
Fairfield,Wandsworth,1114
Fairfield,Wandsworth,567
Fairfield,Wandsworth,1089
Fairfield,Wandsworth,542
Fairfield,Wandsworth,1113
Fairfield,Wandsworth,566
Fairfield,Wandsworth,1088
Fairfield,Wandsworth,541
Furzedown,Wandsworth,251
Graveney,Wandsworth,193
Graveney,Wandsworth,190
Graveney,Wandsworth,226
Graveney,Wandsworth,223
Graveney,Wandsworth,209
Graveney,Wandsworth,206
Graveney,Wandsworth,242
Graveney,Wandsworth,239
Graveney,Wandsworth,194
Graveney,Wandsworth,191
Graveney,Wandsworth,227
Graveney,Wandsworth,224
Graveney,Wandsworth,210
Graveney,Wandsworth,207
Graveney,Wandsworth,243
Graveney,Wandsworth,240
Graveney,Wandsworth,196
Graveney,Wandsworth,193
Graveney,Wandsworth,229
Graveney,Wandsworth,226
Graveney,Wandsworth,212
Graveney,Wandsworth,209
Graveney,Wandsworth,245
Graveney,Wandsworth,242
Graveney,Wandsworth,197
Graveney,Wandsworth,194
Graveney,Wandsworth,230
Graveney,Wandsworth,227
Graveney,Wandsworth,213
Graveney,Wandsworth,210
Graveney,Wandsworth,246
Graveney,Wandsworth,243
Latchmere,Wandsworth,362
Nightingale,Wandsworth,432
Northcote,Wandsworth,791
Queenstown,Wandsworth,602
Roehampton and Putney Heath,Wandsworth,509
Shaftesbury,Wandsworth,530
Southfields,Wandsworth,637
St Mary's Park,Wandsworth,462
Thamesfield,Wandsworth,860
Tooting,Wandsworth,509
Tooting Town Centre,Wandsworth,679
Wandsworth Common,Wandsworth,334
West Hill,Wandsworth,189
West Putney,Wandsworth,319
Abbey Road,Westminster,290
Bayswater,Westminster,540
Bryanston and Dorset Square,Westminster,1116
Church Street,Westminster,280
Churchill,Westminster,199
Covent Garden,Westminster,3237
Harrow Road,Westminster,331
Hyde Park,Westminster,1622
Hyde Park and Kensington Gardens,Westminster,336
Knightsbridge and Belgravia,Westminster,1178
Lancaster Gate,Westminster,1369
Little Venice,Westminster,467
Maida Vale,Westminster,373
Marylebone High Street,Westminster,2073
Mayfair and St James,Westminster,3659
Oxford Street Regent Street and Bond Street,Westminster,11337
Queen's Park,Westminster,255
Regent's Park,Westminster,465
Regents Park and Primrose Hill,Westminster,76
Soho,Westminster,6733
St James Park,Westminster,170
Strand and Whitehall,Westminster,3995
Tachbrook,Westminster,223
Victoria Business and Transport,Westminster,1689
Vincent Square,Westminster,1138
Warwick,Westminster,395
West End and China Town,Westminster,5362
Westbourne,Westminster,300
